{
    "transform": [
        [
            0.9264268279075623,
            0.0036579142324626446,
            0.3764570951461792,
            -0.2714669108390808
        ],
        [
            0.0036579142324626446,
            0.9998181462287903,
            -0.018716711550951004,
            0.774019181728363
        ],
        [
            -0.3764570951461792,
            0.018716711550951004,
            0.9262449741363525,
            -0.024642162024974823
        ]
    ],
    "scale": 0.4662489257542953
}