{
    "transform": [
        [
            0.9998037815093994,
            4.265135794412345e-05,
            0.019810451194643974,
            -5.760543346405029
        ],
        [
            4.265135794412345e-05,
            0.999990701675415,
            -0.004305501934140921,
            -21.6265926361084
        ],
        [
            -0.019810451194643974,
            0.004305501934140921,
            0.9997944831848145,
            -4.1700119972229
        ]
    ],
    "scale": 0.0331645841702949
}